id	argVar	pvform	lemma	pvv	mood	cau	pot	acc	dat
hívs1w7	2	0	hív	0+hív	ind	-	-	1	1
hívs2w18	1	0	hív	0+hív	ind	-	-	1	0
hívs6w9	1	0	hív	0+hív	ind	-	-	1	0
hívs7w11	2	0	hív	0+hív	ind	-	-	1	1
hívs8w3	2	0	hív	0+hív	ind	-	-	1	1
hívs11w6	1	0	hív	0+hív	ind	-	-	1	0
hívs13w3	1	0	hív	0+hív	ind	-	-	1	0
hívs14w4	2	0	hív	0+hív	ind	-	-	1	1
hívs15w6	1	0	hív	0+hív	ind	-	-	1	0
hívs16w4	2	0	hív	0+hív	ind	-	-	1	1
hívs17w14	2	0	hív	0+hív	ind	-	-	1	0
hívs22w18	1	0	hív	0+hív	ind	-	-	1	0
hívs24w9	1	0	hív	0+hív	ind	-	-	1	0
hívs26w15	1	0	hív	0+hív	ind	-	-	1	0
hívs27w7	1	0	hív	0+hív	ind	-	-	1	0
hívs28w5	1	0	hív	0+hív	ind	-	-	1	0
hívs29w6	2	0	hív	0+hív	ind	-	-	0	1
hívs30w20	1	0	hív	0+hív	ind	-	-	1	0
hívs31w5	2	0	hív	0+hív	ind	-	-	1	1
hívs32w10	2	0	hív	0+hív	ind	-	-	1	1
hívs33w8	1	0	hív	0+hív	ind	-	-	1	0
hívs34w14	2	0	hív	0+hív	ind	-	-	1	1
hívs35w6	2	0	hív	0+hív	ind	-	-	1	1
hívs36w5	1	0	hív	0+hív	ind	-	-	1	0
hívs37w4	2	0	hív	0+hív	ind	-	-	1	1
hívs39w4	2	0	hív	0+hív	ind	-	-	1	1
hívs41w7	2	0	hív	0+hív	ind	-	-	0	1
hívs42w9	2	0	hív	0+hív	ind	-	-	0	1
hívs44w12	2	0	hív	0+hív	ind	-	-	1	1
hívs45w11	1	0	hív	0+hív	ind	-	-	1	0
hívs46w10	2	0	hív	0+hív	ind	-	-	1	1
hívs48w11	2	0	hív	0+hív	ind	-	-	1	1
hívs49w13	1	0	hív	0+hív	ind	-	-	1	0
hívs50w11	2	0	hív	0+hív	ind	-	-	1	1
hívs51w4	2	0	hív	0+hív	ind	-	-	1	1
hívs52w13	1	0	hív	0+hív	ind	-	-	1	0
hívs53w8	2	0	hív	0+hív	ind	-	-	1	1
hívs54w20	2	0	hív	0+hív	ind	-	-	1	0
hívs56w9	1	0	hív	0+hív	ind	-	-	1	0
hívs57w12	2	0	hív	0+hív	ind	-	-	1	1
hívs58w17	2	0	hív	0+hív	ind	-	-	1	1
hívs59w4	2	0	hív	0+hív	ind	-	-	0	0
hívs60w5	1	0	hív	0+hív	ind	-	-	1	0
hívs61w4	1	0	hív	0+hív	ind	-	-	0	0
hívs62w5	2	0	hív	0+hív	ind	-	-	1	1
hívs63w5	2	0	hív	0+hív	ind	-	-	1	1
hívs64w10	2	0	hív	0+hív	ind	-	-	1	1
hívs65w4	2	0	hív	0+hív	ind	-	-	1	1
hívs66w6	2	0	hív	0+hív	ind	-	-	1	1
hívs67w4	2	0	hív	0+hív	ind	-	-	0	0
hívs69w10	1	0	hív	0+hív	ind	-	-	1	0
hívs70w5	2	0	hív	0+hív	ind	-	-	0	1
hívs72w16	1	0	hív	0+hív	ind	-	-	1	0
hívs73w4	1	0	hív	0+hív	ind	-	-	1	0
hívs74w12	1	0	hív	0+hív	ind	-	-	1	0
hívs75w7	2	0	hív	0+hív	ind	-	-	1	1
hívs76w10	1	0	hív	0+hív	ind	-	-	1	0
hívs77w7	2	0	hív	0+hív	ind	-	-	1	1
hívs78w12	2	0	hív	0+hív	ind	-	-	1	1
hívs80w10	2	0	hív	0+hív	ind	-	-	1	1
hívs81w15	2	0	hív	0+hív	ind	-	-	1	1
hívs82w7	2	0	hív	0+hív	ind	-	-	1	1
hívs84w7	1	0	hív	0+hív	ind	-	-	1	0
hívs85w6	2	0	hív	0+hív	ind	-	-	1	1
hívs86w5	2	0	hív	0+hív	ind	-	-	1	1
hívs87w5	2	0	hív	0+hív	ind	-	-	1	1
hívs88w3	1	0	hív	0+hív	ind	-	-	0	0
hívs89w5	2	0	hív	0+hív	ind	-	-	0	1
hívs90w8	2	0	hív	0+hív	ind	-	-	1	0
hívs91w9	1	0	hív	0+hív	ind	-	-	1	0
hívs92w4	1	0	hív	0+hív	ind	-	-	1	0
hívs93w4	2	0	hív	0+hív	ind	-	-	1	1
hívs95w5	2	0	hív	0+hív	ind	-	-	1	1
hívs97w6	1	0	hív	0+hív	ind	-	-	1	0
hívs98w10	1	0	hív	0+hív	ind	-	-	1	0
hívs99w7	1	0	hív	0+hív	ind	-	-	1	0
hívs101w20	1	0	hív	0+hív	ind	-	-	1	0
hívs102w7	2	0	hív	0+hív	ind	-	-	1	1
hívs107w5	2	0	hív	0+hív	ind	-	-	1	1
hívs109w9	1	0	hív	0+hív	ind	-	-	1	0
hívs110w5	2	0	hív	0+hív	ind	-	-	1	1
hívs111w6	2	0	hív	0+hív	ind	-	-	1	1
hívs112w4	2	0	hív	0+hív	ind	-	-	1	1
hívs113w8	2	0	hív	0+hív	ind	-	-	1	1
hívs116w9	1	0	hív	0+hív	ind	-	-	1	0
hívs118w5	2	0	hív	0+hív	ind	-	-	0	1
hívs119w4	1	0	hív	0+hív	ind	-	-	0	0
hívs120w5	1	0	hív	0+hív	ind	-	-	1	0
hívs124w18	2	0	hív	0+hív	ind	-	-	1	1
hívs125w12	1	0	hív	0+hív	ind	-	-	1	0
hívs127w6	2	0	hív	0+hív	ind	-	-	1	1
hívs129w6	2	0	hív	0+hív	ind	-	-	1	1
hívs130w6	2	0	hív	0+hív	ind	-	-	1	1
hívs131w10	2	0	hív	0+hív	ind	-	-	1	1
hívs132w3	2	0	hív	0+hív	ind	-	-	1	1
hívs133w17	1	0	hív	0+hív	ind	-	-	1	0
hívs134w4	2	0	hív	0+hív	ind	-	-	1	1
hívs135w6	1	0	hív	0+hív	ind	-	-	1	0
hívs138w3	1	0	hív	0+hív	ind	-	-	1	0
hívs139w5	2	0	hív	0+hív	ind	-	-	1	0
hívs140w4	2	0	hív	0+hív	ind	-	-	1	1
hívs141w5	2	0	hív	0+hív	ind	-	-	0	1
hívs142w7	1	0	hív	0+hív	ind	-	-	0	0
hívs143w8	1	0	hív	0+hív	ind	-	-	1	0
hívs144w6	2	0	hív	0+hív	ind	-	-	0	1
hívs146w16	1	0	hív	0+hív	ind	-	-	1	0
hívs147w5	1	0	hív	0+hív	ind	-	-	1	0
hívs148w3	2	0	hív	0+hív	ind	-	-	1	1
hívs149w5	2	0	hív	0+hív	ind	-	-	1	1
hívs150w7	1	0	hív	0+hív	ind	-	-	1	0
hívs151w10	1	0	hív	0+hív	ind	-	-	1	0
hívs154w7	1	0	hív	0+hív	ind	-	-	1	0
hívs155w4	2	0	hív	0+hív	ind	-	-	1	1
hívs156w9	1	0	hív	0+hív	ind	-	-	1	0
hívs157w8	1	0	hív	0+hív	ind	-	-	1	0
hívs159w5	1	0	hív	0+hív	ind	-	-	1	0
hívs160w3	1	0	hív	0+hív	ind	-	-	0	0
hívs161w6	2	0	hív	0+hív	ind	-	-	1	1
hívs163w5	1	0	hív	0+hív	ind	-	-	0	0
hívs164w5	2	0	hív	0+hív	ind	-	-	0	1
hívs165w3	1	0	hív	0+hív	ind	-	-	0	0
hívs166w4	2	0	hív	0+hív	ind	-	-	0	1
hívs168w4	2	0	hív	0+hív	ind	-	-	0	0
hívs170w9	2	0	hív	0+hív	ind	-	-	1	1
hívs172w19	2	0	hív	0+hív	ind	-	-	1	1
hívs174w5	1	0	hív	0+hív	ind	-	-	1	0
hívs177w3	2	0	hív	0+hív	ind	-	-	0	1
hívs178w3	2	0	hív	0+hív	ind	-	-	0	1
hívs179w2	2	0	hív	0+hív	ind	-	-	0	1
hívs180w3	2	0	hív	0+hív	ind	-	-	0	1
hívs181w2	2	0	hív	0+hív	ind	-	-	0	1
hívs183w2	2	0	hív	0+hív	ind	-	-	0	1
hívs184w15	2	0	hív	0+hív	ind	-	-	1	1
hívs185w4	2	0	hív	0+hív	ind	-	-	1	1
hívs187w10	1	0	hív	0+hív	ind	-	-	1	0
hívs189w5	2	0	hív	0+hív	ind	-	-	0	1
hívs192w18	1	0	hív	0+hív	ind	-	-	1	0
hívs193w8	1	0	hív	0+hív	ind	-	-	1	0
hívs195w8	2	0	hív	0+hív	ind	-	-	1	1
hívs196w6	1	0	hív	0+hív	ind	-	-	1	0
hívs197w8	1	0	hív	0+hív	ind	-	-	1	0
hívs198w4	1	0	hív	0+hív	ind	-	-	1	0
hívs199w13	2	0	hív	0+hív	ind	-	-	1	1
hívs201w4	1	0	hív	0+hív	ind	-	-	0	0
hívs202w6	1	0	hív	0+hív	ind	-	-	1	0
hívs203w4	2	0	hív	0+hív	ind	-	-	0	1
hívs205w4	2	0	hív	0+hív	ind	-	-	0	1
hívs206w10	2	0	hív	0+hív	ind	-	-	1	0
hívs208w4	2	0	hív	0+hív	ind	-	-	0	1
hívs209w15	2	0	hív	0+hív	ind	-	-	1	1
hívs213w6	2	0	hív	0+hív	ind	-	-	1	1
hívs214w5	2	0	hív	0+hív	ind	-	-	1	1
hívs215w7	1	0	hív	0+hív	ind	-	-	1	0
hívs216w7	2	0	hív	0+hív	ind	-	-	1	1
hívs218w7	2	0	hív	0+hív	ind	-	-	1	1
hívs219w6	2	0	hív	0+hív	ind	-	-	1	1
hívs220w9	1	0	hív	0+hív	ind	-	-	1	0
hívs221w4	2	0	hív	0+hív	ind	-	-	1	1
hívs222w5	2	0	hív	0+hív	ind	-	-	1	1
hívs223w5	2	0	hív	0+hív	ind	-	-	1	1
hívs224w4	2	0	hív	0+hív	ind	-	-	1	1
hívs225w4	1	0	hív	0+hív	ind	-	-	0	0
hívs226w4	2	0	hív	0+hív	ind	-	-	0	1
hívs228w3	1	0	hív	0+hív	ind	-	-	1	0
hívs229w15	1	0	hív	0+hív	ind	-	-	1	0
hívs231w7	1	0	hív	0+hív	ind	-	-	1	0
hívs232w8	2	0	hív	0+hív	ind	-	-	1	1
hívs235w15	1	0	hív	0+hív	ind	-	-	1	0
hívs236w3	2	0	hív	0+hív	ind	-	-	0	1
hívs238w2	2	0	hív	0+hív	ind	-	-	1	1
hívs239w13	2	0	hív	0+hív	ind	-	-	1	1
hívs242w5	2	0	hív	0+hív	ind	-	-	1	1
hívs243w10	2	0	hív	0+hív	ind	-	-	1	1
hívs244w13	2	0	hív	0+hív	ind	-	-	0	1
hívs245w3	2	0	hív	0+hív	ind	-	-	0	1
hívs246w2	2	0	hív	0+hív	ind	-	-	0	1
hívs247w3	1	0	hív	0+hív	ind	-	-	0	0
hívs248w6	2	0	hív	0+hív	ind	-	-	1	1
hívs249w4	1	0	hív	0+hív	ind	-	-	0	0
hívs250w3	2	0	hív	0+hív	ind	-	-	0	1
hívs251w3	2	0	hív	0+hív	ind	-	-	0	1
hívs252w3	2	0	hív	0+hív	ind	-	-	0	1
hívs253w3	2	0	hív	0+hív	ind	-	-	0	1
hívs254w3	2	0	hív	0+hív	ind	-	-	0	1
hívs255w4	2	0	hív	0+hív	ind	-	-	1	1
hívs256w2	2	0	hív	0+hív	ind	-	-	0	1
hívs258w4	1	0	hív	0+hív	ind	-	-	1	0
hívs260w2	2	0	hív	0+hív	ind	-	-	0	1
hívs261w3	2	0	hív	0+hív	ind	-	-	1	1
hívs262w13	1	0	hív	0+hív	ind	-	-	1	0
hívs263w6	2	0	hív	0+hív	ind	-	-	0	1
hívs267w3	2	0	hív	0+hív	ind	-	-	0	1
hívs268w3	2	0	hív	0+hív	ind	-	-	0	1
hívs270w3	2	0	hív	0+hív	ind	-	-	0	1
hívs272w3	2	0	hív	0+hív	ind	-	-	0	1
hívs273w3	2	0	hív	0+hív	ind	-	-	0	1
hívs274w7	1	0	hív	0+hív	ind	-	-	1	0
hívs275w3	1	0	hív	0+hív	ind	-	-	1	0
hívs276w2	2	0	hív	0+hív	ind	-	-	0	1
hívs278w4	2	0	hív	0+hív	ind	-	-	0	1
hívs281w2	2	0	hív	0+hív	ind	-	-	0	1
hívs282w12	1	0	hív	0+hív	ind	-	-	0	0
hívs283w3	1	0	hív	0+hív	ind	-	-	1	0
hívs285w4	2	0	hív	0+hív	ind	-	-	1	1
hívs286w8	1	0	hív	0+hív	ind	-	-	0	0
hívs288w4	1	0	hív	0+hív	ind	-	-	0	0
hívs290w9	1	0	hív	0+hív	ind	-	-	1	0
hívs291w13	2	0	hív	0+hív	ind	-	-	1	1
hívs292w4	1	0	hív	0+hív	ind	-	-	1	0
hívs293w3	2	0	hív	0+hív	ind	-	-	0	1
hívs294w6	2	0	hív	0+hív	ind	-	-	0	1
hívs295w6	2	0	hív	0+hív	ind	-	-	0	1
hívs296w6	1	0	hív	0+hív	ind	-	-	1	0
hívs297w7	1	0	hív	0+hív	ind	-	-	1	0
hívs299w4	1	0	hív	0+hív	ind	-	-	1	0
hívs300w3	2	0	hív	0+hív	ind	-	-	0	1
hívs301w7	1	0	hív	0+hív	ind	-	-	1	0
hívs303w5	1	0	hív	0+hív	ind	-	-	1	0
hívs304w3	2	0	hív	0+hív	ind	-	-	0	1
hívs305w6	1	0	hív	0+hív	ind	-	-	1	0
hívs306w6	2	0	hív	0+hív	ind	-	-	1	1
hívs307w3	2	0	hív	0+hív	ind	-	-	0	1
hívs308w6	1	0	hív	0+hív	ind	-	-	1	0
hívs310w2	2	0	hív	0+hív	ind	-	-	0	1
hívs311w2	2	0	hív	0+hív	ind	-	-	0	1
hívs314w10	2	0	hív	0+hív	ind	-	-	1	1
hívs315w5	1	0	hív	0+hív	ind	-	-	1	0
hívs316w2	2	0	hív	0+hív	ind	-	-	0	1
hívs317w2	2	0	hív	0+hív	ind	-	-	0	1
hívs318w16	2	0	hív	0+hív	ind	-	-	1	1
hívs319w19	2	0	hív	0+hív	ind	-	-	1	1
hívs320w5	1	0	hív	0+hív	ind	-	-	1	0
hívs322w9	2	0	hív	0+hív	ind	-	-	1	1
hívs323w4	2	0	hív	0+hív	ind	-	-	0	1
hívs324w3	1	0	hív	0+hív	ind	-	-	1	0
hívs326w3	2	0	hív	0+hív	ind	-	-	0	1
hívs327w4	1	0	hív	0+hív	ind	-	-	1	0
hívs328w3	2	0	hív	0+hív	ind	-	-	0	1
hívs329w2	1	0	hív	0+hív	ind	-	-	1	0
hívs330w4	2	0	hív	0+hív	ind	-	-	0	1
hívs332w3	2	0	hív	0+hív	ind	-	-	0	1
hívs334w4	2	0	hív	0+hív	ind	-	-	0	1
hívs335w8	1	0	hív	0+hív	ind	-	-	0	0
hívs336w3	2	0	hív	0+hív	ind	-	-	0	1
hívs337w3	2	0	hív	0+hív	ind	-	-	0	1
hívs338w3	1	0	hív	0+hív	ind	-	-	1	0
hívs340w7	1	0	hív	0+hív	ind	-	-	1	0
hívs342w2	1	0	hív	0+hív	ind	-	-	1	0
hívs346w3	2	0	hív	0+hív	ind	-	-	0	1
hívs347w4	1	0	hív	0+hív	ind	-	-	0	0
hívs349w2	2	0	hív	0+hív	ind	-	-	0	1
hívs350w6	2	0	hív	0+hív	ind	-	-	0	1
hívs353w3	2	0	hív	0+hív	ind	-	-	0	1
hívs354w5	2	0	hív	0+hív	ind	-	-	0	1
hívs356w4	1	0	hív	0+hív	ind	-	-	1	0
hívs357w3	2	0	hív	0+hív	ind	-	-	0	1
hívs358w6	1	0	hív	0+hív	ind	-	-	0	0
hívs359w10	2	0	hív	0+hív	ind	-	-	1	1
hívs360w2	1	0	hív	0+hív	ind	-	-	1	0
hívs361w3	2	0	hív	0+hív	ind	-	-	0	1
hívs363w2	1	0	hív	0+hív	ind	-	-	1	0
hívs366w9	2	0	hív	0+hív	ind	-	-	1	1
hívs368w7	2	0	hív	0+hív	ind	-	-	0	1
hívs369w7	2	0	hív	0+hív	ind	-	-	1	1
hívs370w3	2	0	hív	0+hív	ind	-	-	0	1
hívs372w2	1	0	hív	0+hív	ind	-	-	1	0
hívs373w3	1	0	hív	0+hív	ind	-	-	1	0
hívs374w5	1	0	hív	0+hív	ind	-	-	1	0
hívs375w6	2	0	hív	0+hív	ind	-	-	0	1
hívs376w5	2	0	hív	0+hív	ind	-	-	0	1
hívs380w3	2	0	hív	0+hív	ind	-	-	0	0
hívs381w4	1	0	hív	0+hív	ind	-	-	1	0
hívs382w2	1	0	hív	0+hív	ind	-	-	1	0
hívs385w2	2	0	hív	0+hív	ind	-	-	0	1
hívs386w7	1	0	hív	0+hív	ind	-	-	1	0
hívs387w11	2	0	hív	0+hív	ind	-	-	1	1
hívs388w8	2	0	hív	0+hív	ind	-	-	1	1
hívs389w12	2	0	hív	0+hív	ind	-	-	0	0
hívs391w9	1	0	hív	0+hív	ind	-	-	1	0
hívs392w2	2	0	hív	0+hív	ind	-	-	0	1
hívs393w2	2	0	hív	0+hív	ind	-	-	1	1
hívs394w2	2	0	hív	0+hív	ind	-	-	1	1
hívs395w2	2	0	hív	0+hív	ind	-	-	0	1
hívs396w2	2	0	hív	0+hív	ind	-	-	0	1
hívs397w2	2	0	hív	0+hív	ind	-	-	0	1
hívs400w2	1	0	hív	0+hív	ind	-	-	1	0
hívs401w3	2	0	hív	0+hív	ind	-	-	1	1
hívs402w4	2	0	hív	0+hív	ind	-	-	0	1
hívs404w9	2	0	hív	0+hív	ind	-	-	1	1
hívs405w7	2	0	hív	0+hív	ind	-	-	1	1
hívs406w8	2	0	hív	0+hív	ind	-	-	1	1
hívs407w9	2	0	hív	0+hív	ind	-	-	1	1
hívs408w4	2	0	hív	0+hív	ind	-	-	1	1
hívs409w7	2	0	hív	0+hív	ind	-	-	1	1
hívs410w6	2	0	hív	0+hív	ind	-	-	1	1
hívs411w9	2	0	hív	0+hív	ind	-	-	1	1
hívs412w4	2	0	hív	0+hív	ind	-	-	1	1
hívs413w10	2	0	hív	0+hív	ind	-	-	1	1
hívs414w16	2	0	hív	0+hív	ind	-	-	1	0
hívs415w5	2	0	hív	0+hív	ind	-	-	0	1
hívs416w4	2	0	hív	0+hív	ind	-	-	0	1
hívs417w6	2	0	hív	0+hív	ind	-	-	1	1
hívs419w6	2	0	hív	0+hív	ind	-	-	1	1
hívs420w4	2	0	hív	0+hív	ind	-	-	1	1
hívs421w3	2	0	hív	0+hív	ind	-	-	0	1
hívs422w2	2	0	hív	0+hív	ind	-	-	0	1
hívs423w2	2	0	hív	0+hív	ind	-	-	0	1
hívs424w2	2	0	hív	0+hív	ind	-	-	0	1
hívs425w2	2	0	hív	0+hív	ind	-	-	0	1
hívs426w2	2	0	hív	0+hív	ind	-	-	0	1
hívs427w2	2	0	hív	0+hív	ind	-	-	0	1
hívs428w2	2	0	hív	0+hív	ind	-	-	0	1
hívs429w2	2	0	hív	0+hív	ind	-	-	0	1
hívs430w2	2	0	hív	0+hív	ind	-	-	0	1
hívs431w2	2	0	hív	0+hív	ind	-	-	0	1
hívs432w2	2	0	hív	0+hív	ind	-	-	0	1
hívs433w2	2	0	hív	0+hív	ind	-	-	0	1
hívs434w2	2	0	hív	0+hív	ind	-	-	0	1
hívs435w2	1	0	hív	0+hív	ind	-	-	0	0
hívs436w2	2	0	hív	0+hív	ind	-	-	0	1
hívs437w2	2	0	hív	0+hív	ind	-	-	0	1
hívs438w2	2	0	hív	0+hív	ind	-	-	0	1
hívs439w2	2	0	hív	0+hív	ind	-	-	0	1
hívs440w2	2	0	hív	0+hív	ind	-	-	0	1
hívs441w2	2	0	hív	0+hív	ind	-	-	0	1
hívs442w2	2	0	hív	0+hív	ind	-	-	0	1
hívs443w3	2	0	hív	0+hív	ind	-	-	0	1
hívs444w7	2	0	hív	0+hív	ind	-	-	0	1
hívs445w7	2	0	hív	0+hív	ind	-	-	0	1
hívs446w3	1	0	hív	0+hív	ind	-	-	0	0
hívs447w3	1	0	hív	0+hív	ind	-	-	0	0
hívs448w3	1	0	hív	0+hív	ind	-	-	0	0
hívs449w2	1	0	hív	0+hív	ind	-	-	1	0
hívs450w3	2	0	hív	0+hív	ind	-	-	0	1
hívs453w4	1	0	hív	0+hív	ind	-	-	1	0
hívs454w6	2	0	hív	0+hív	ind	-	-	0	1
hívs455w4	2	0	hív	0+hív	ind	-	-	1	1
hívs456w3	1	0	hív	0+hív	ind	-	-	1	0
hívs460w2	2	0	hív	0+hív	ind	-	-	0	1
hívs461w10	2	0	hív	0+hív	ind	-	-	1	1
hívs462w3	2	0	hív	0+hív	ind	-	-	1	1
hívs464w2	2	0	hív	0+hív	ind	-	-	0	1
hívs465w6	2	0	hív	0+hív	ind	-	-	0	1
hívs466w8	1	0	hív	0+hív	ind	-	-	1	0
hívs467w3	1	0	hív	0+hív	ind	-	-	1	0
hívs470w6	1	0	hív	0+hív	ind	-	-	1	0
hívs472w6	1	0	hív	0+hív	ind	-	-	1	0
hívs473w7	2	0	hív	0+hív	ind	-	-	0	1
hívs476w3	1	0	hív	0+hív	ind	-	-	1	0
hívs479w2	2	0	hív	0+hív	ind	-	-	0	1
hívs480w3	2	0	hív	0+hív	ind	-	-	0	1
hívs481w2	1	0	hív	0+hív	ind	-	-	1	0
hívs482w5	1	0	hív	0+hív	ind	-	-	1	1
hívs483w6	1	0	hív	0+hív	ind	-	-	1	0
hívs485w3	2	0	hív	0+hív	ind	-	-	1	1
hívs487w4	1	0	hív	0+hív	ind	-	-	0	0
hívs488w5	1	0	hív	0+hív	ind	-	-	1	0
hívs489w4	1	0	hív	0+hív	ind	-	-	1	0
hívs490w4	2	0	hív	0+hív	ind	-	-	0	1
hívs491w4	2	0	hív	0+hív	ind	-	-	0	1
hívs494w4	1	0	hív	0+hív	ind	-	-	1	0
hívs495w8	2	0	hív	0+hív	ind	-	-	0	1
hívs498w5	1	0	hív	0+hív	ind	-	-	1	0
hívs499w6	1	0	hív	0+hív	ind	-	-	1	0
hívs500w4	1	0	hív	0+hív	ind	-	-	1	0
hívs501w3	2	0	hív	0+hív	ind	-	-	0	1
hívs502w6	1	0	hív	0+hív	ind	-	-	1	0
hívs503w5	1	0	hív	0+hív	ind	-	-	1	0
hívs504w3	1	0	hív	0+hív	ind	-	-	1	0
hívs505w3	1	0	hív	0+hív	ind	-	-	0	0
hívs509w1	1	0	hív	0+hív	ind	-	-	0	0
hívs515w1	2	0	hív	0+hív	ind	-	-	0	1
hívs516w1	1	0	hív	0+hív	ind	-	-	0	0
hívs517w1	2	0	hív	0+hív	ind	-	-	0	1
hívs518w1	1	0	hív	0+hív	ind	-	-	0	0
hívs519w1	1	0	hív	0+hív	ind	-	-	1	0
hívs520w1	1	0	hív	0+hív	ind	-	-	1	0
hívs522w1	1	0	hív	0+hív	ind	-	-	1	0
hívs525w1	1	0	hív	0+hív	ind	-	-	1	0
hívs526w1	1	0	hív	0+hív	ind	-	-	0	0
hívs529w1	1	0	hív	0+hív	ind	-	-	1	0
hívs530w1	1	0	hív	0+hív	ind	-	-	1	0
hívs543w1	1	0	hív	0+hív	ind	-	-	1	0
hívs544w1	2	0	hív	0+hív	ind	-	-	0	1
hívs549w1	1	0	hív	0+hív	ind	-	-	0	0
hívs552w1	2	0	hív	0+hív	ind	-	-	0	1
hívs553w1	1	0	hív	0+hív	ind	-	-	0	0
hívs554w1	1	0	hív	0+hív	ind	-	-	1	0
hívs555w1	1	0	hív	0+hív	ind	-	-	1	0
hívs556w1	1	0	hív	0+hív	ind	-	-	1	0
hívs557w1	1	0	hív	0+hív	ind	-	-	1	0
hívs558w1	1	0	hív	0+hív	ind	-	-	1	0
hívs559w1	1	0	hív	0+hív	ind	-	-	0	0
hívs563w1	1	0	hív	0+hív	ind	-	-	1	0
hívs564w1	1	0	hív	0+hív	ind	-	-	1	0
hívs566w1	1	0	hív	0+hív	ind	-	-	1	0
hívs569w1	1	0	hív	0+hív	ind	-	-	0	0
hívs570w1	2	0	hív	0+hív	ind	-	-	0	1
hívs573w1	1	0	hív	0+hív	ind	-	-	1	0
hívs575w1	1	0	hív	0+hív	ind	-	-	1	0
hívs576w4	1	0	hív	0+hív	ind	-	-	0	0
hívs577w3	2	0	hív	0+hív	ind	-	-	1	1
hívs580w2	1	0	hív	0+hív	ind	-	-	1	0
hívs581w2	1	0	hív	0+hív	ind	-	-	0	0
hívs582w2	1	0	hív	0+hív	ind	-	-	1	0
hívs583w2	1	0	hív	0+hív	ind	-	-	1	0
hívs584w2	1	0	hív	0+hív	ind	-	-	1	0
hívs585w2	1	0	hív	0+hív	ind	-	-	1	0
hívs586w2	1	0	hív	0+hív	ind	-	-	1	0
hívs587w2	1	0	hív	0+hív	ind	-	-	1	0
hívs588w2	1	0	hív	0+hív	ind	-	-	1	0
hívs589w2	1	0	hív	0+hív	ind	-	-	1	0
hívs590w2	1	0	hív	0+hív	ind	-	-	1	0
hívs591w2	1	0	hív	0+hív	ind	-	-	1	0
hívs592w2	1	0	hív	0+hív	ind	-	-	0	0
hívs593w2	1	0	hív	0+hív	ind	-	-	1	0
hívs594w2	1	0	hív	0+hív	ind	-	-	1	0
hívs595w2	1	0	hív	0+hív	ind	-	-	0	0
hívs603w2	1	0	hív	0+hív	ind	-	-	1	0
hívs604w2	1	0	hív	0+hív	ind	-	-	1	0
hívs605w2	1	0	hív	0+hív	ind	-	-	1	0
hívs607w3	1	0	hív	0+hív	ind	-	-	0	0
hívs608w3	1	0	hív	0+hív	ind	-	-	1	0
hívs613w4	1	0	hív	0+hív	ind	-	-	0	0
hívs614w2	1	0	hív	0+hív	ind	-	-	1	0
hívs616w2	2	0	hív	0+hív	ind	-	-	0	1
hívs617w2	2	0	hív	0+hív	ind	-	-	0	1
hívs619w2	2	0	hív	0+hív	ind	-	-	0	1
hívs620w7	1	0	hív	0+hív	ind	-	-	1	0
hívs626w4	1	0	hív	0+hív	ind	-	-	1	0
hívs627w2	2	0	hív	0+hív	ind	-	-	0	1
hívs629w5	2	0	hív	0+hív	ind	-	-	0	1
hívs630w2	1	0	hív	0+hív	ind	-	-	1	0
hívs631w2	1	0	hív	0+hív	ind	-	-	1	0
hívs632w2	2	0	hív	0+hív	ind	-	-	0	1
hívs633w3	2	0	hív	0+hív	ind	-	-	0	1
hívs634w9	2	0	hív	0+hív	ind	-	-	0	1
hívs636w6	1	0	hív	0+hív	ind	-	-	1	0
hívs637w3	2	0	hív	0+hív	ind	-	-	1	1
hívs638w4	1	0	hív	0+hív	ind	-	-	1	0
hívs639w3	2	0	hív	0+hív	ind	-	-	0	1
hívs640w2	2	0	hív	0+hív	ind	-	-	0	1
hívs641w2	2	0	hív	0+hív	ind	-	-	0	1
hívs642w3	2	0	hív	0+hív	ind	-	-	0	1
hívs643w11	2	0	hív	0+hív	ind	-	-	0	1
hívs644w3	2	0	hív	0+hív	ind	-	-	0	1
hívs647w6	2	0	hív	0+hív	ind	-	-	0	1
hívs648w4	2	0	hív	0+hív	ind	-	-	0	1
hívs649w2	2	0	hív	0+hív	ind	-	-	0	1
hívs650w2	2	0	hív	0+hív	ind	-	-	0	1
hívs656w3	2	0	hív	0+hív	ind	-	-	1	1
hívs657w3	1	0	hív	0+hív	ind	-	-	1	0
hívs658w7	1	0	hív	0+hív	ind	-	-	0	0
hívs659w2	2	0	hív	0+hív	ind	-	-	0	1
hívs662w6	1	0	hív	0+hív	ind	-	-	1	0
hívs664w7	2	0	hív	0+hív	ind	-	-	0	1
hívs665w3	2	0	hív	0+hív	ind	-	-	0	1
hívs666w6	1	0	hív	0+hív	ind	-	-	1	0
hívs667w16	2	0	hív	0+hív	ind	-	-	1	1
hívs668w7	1	0	hív	0+hív	ind	-	-	1	0
hívs669w2	1	0	hív	0+hív	ind	-	-	1	0
hívs671w2	1	0	hív	0+hív	ind	-	-	0	0
hívs672w17	1	0	hív	0+hív	ind	-	-	0	0
hívs675w2	2	0	hív	0+hív	ind	-	-	0	1
hívs676w3	2	0	hív	0+hív	ind	-	-	0	1
hívs677w4	2	0	hív	0+hív	ind	-	-	0	1
hívs679w2	2	0	hív	0+hív	ind	-	-	0	1
hívs680w9	1	0	hív	0+hív	ind	-	-	1	0
hívs682w2	1	0	hív	0+hív	ind	-	-	0	0
hívs683w2	2	0	hív	0+hív	ind	-	-	0	1
hívs684w4	2	0	hív	0+hív	ind	-	-	1	0
hívs685w6	2	0	hív	0+hív	ind	-	-	1	1
hívs687w3	2	0	hív	0+hív	ind	-	-	0	1
hívs688w6	1	0	hív	0+hív	ind	-	-	1	0
hívs690w13	1	0	hív	0+hív	ind	-	-	1	1
hívs691w6	1	0	hív	0+hív	ind	-	-	1	0
hívs692w5	1	0	hív	0+hív	ind	-	-	1	0
hívs693w2	2	0	hív	0+hív	ind	-	-	0	1
hívs694w8	1	0	hív	0+hív	ind	-	-	0	0
hívs695w3	2	0	hív	0+hív	ind	-	-	0	1
hívs697w2	2	0	hív	0+hív	ind	-	-	0	1
hívs698w3	2	0	hív	0+hív	ind	-	-	0	1
hívs700w5	2	0	hív	0+hív	ind	-	-	0	1
hívs701w3	2	0	hív	0+hív	ind	-	-	0	1
hívs702w2	2	0	hív	0+hív	ind	-	-	0	1
hívs703w3	1	0	hív	0+hív	ind	-	-	0	0
hívs704w3	1	0	hív	0+hív	ind	-	-	1	0
hívs706w2	2	0	hív	0+hív	ind	-	-	0	1
hívs707w5	1	0	hív	0+hív	ind	-	-	1	0
hívs708w2	2	0	hív	0+hív	ind	-	-	0	1
hívs709w3	2	0	hív	0+hív	ind	-	-	0	1
hívs711w3	2	0	hív	0+hív	ind	-	-	0	1
hívs714w3	2	0	hív	0+hív	ind	-	-	0	1
hívs715w8	2	0	hív	0+hív	ind	-	-	1	1
hívs716w4	2	0	hív	0+hív	ind	-	-	0	1
hívs719w4	1	0	hív	0+hív	ind	-	-	1	0
hívs720w2	2	0	hív	0+hív	ind	-	-	0	1
hívs722w7	1	0	hív	0+hív	ind	-	-	1	0
hívs725w2	1	0	hív	0+hív	ind	-	-	1	0
hívs726w5	2	0	hív	0+hív	ind	-	-	1	1
hívs727w2	2	0	hív	0+hív	ind	-	-	0	1
hívs729w4	2	0	hív	0+hív	ind	-	-	0	1
hívs730w3	2	0	hív	0+hív	ind	-	-	0	1
hívs731w4	2	0	hív	0+hív	ind	-	-	0	1
hívs732w5	2	0	hív	0+hív	ind	-	-	1	1
hívs734w4	2	0	hív	0+hív	ind	-	-	1	1
hívs736w2	1	0	hív	0+hív	ind	-	-	1	0
hívs737w2	1	0	hív	0+hív	ind	-	-	0	0
hívs740w6	1	0	hív	0+hív	ind	-	-	1	0
hívs741w2	1	0	hív	0+hív	ind	-	-	1	0
hívs742w2	2	0	hív	0+hív	ind	-	-	0	1
hívs744w8	1	0	hív	0+hív	ind	-	-	1	0
hívs746w3	2	0	hív	0+hív	ind	-	-	0	1
hívs747w4	2	0	hív	0+hív	ind	-	-	0	1
hívs749w4	1	0	hív	0+hív	ind	-	-	1	0
hívs750w7	1	0	hív	0+hív	ind	-	-	1	0
hívs752w4	1	0	hív	0+hív	ind	-	-	1	0
hívs753w4	1	0	hív	0+hív	ind	-	-	1	0
hívs757w2	1	0	hív	0+hív	ind	-	-	1	0
hívs758w3	1	0	hív	0+hív	ind	-	-	1	0
hívs759w3	2	0	hív	0+hív	ind	-	-	1	1
hívs760w10	1	0	hív	0+hív	ind	-	-	1	0
hívs763w4	1	0	hív	0+hív	ind	-	-	0	0
hívs764w4	2	0	hív	0+hív	ind	-	-	0	1
hívs765w6	2	0	hív	0+hív	ind	-	-	1	1
hívs766w3	2	0	hív	0+hív	ind	-	-	0	1
hívs767w6	2	0	hív	0+hív	ind	-	-	0	1
hívs770w3	1	0	hív	0+hív	ind	-	-	1	0
hívs773w2	2	0	hív	0+hív	ind	-	-	1	1
hívs774w2	2	0	hív	0+hív	ind	-	-	1	1
hívs775w2	2	0	hív	0+hív	ind	-	-	0	1
hívs776w2	1	0	hív	0+hív	ind	-	-	1	0
hívs778w4	2	0	hív	0+hív	ind	-	-	1	1
hívs779w5	1	0	hív	0+hív	ind	-	-	1	0
hívs780w3	1	0	hív	0+hív	ind	-	-	1	0
hívs781w11	1	0	hív	0+hív	ind	-	-	1	1
hívs782w3	2	0	hív	0+hív	ind	-	-	0	1
hívs783w2	2	0	hív	0+hív	ind	-	-	0	1
hívs787w2	1	0	hív	0+hív	ind	-	-	1	0
hívs795w3	1	0	hív	0+hív	ind	-	-	0	0
hívs796w8	1	0	hív	0+hív	ind	-	-	1	0
hívs797w2	2	0	hív	0+hív	ind	-	-	0	1
hívs798w2	2	0	hív	0+hív	ind	-	-	0	1
hívs800w2	2	0	hív	0+hív	ind	-	-	0	1
hívs802w12	1	0	hív	0+hív	ind	-	-	1	0
hívs804w4	2	0	hív	0+hív	ind	-	-	0	1
hívs805w3	1	0	hív	0+hív	ind	-	-	0	0
hívs808w21	1	0	hív	0+hív	ind	-	-	1	0
hívs809w2	2	0	hív	0+hív	ind	-	-	1	1
hívs810w2	2	0	hív	0+hív	ind	-	-	0	0
hívs811w4	2	0	hív	0+hív	ind	-	-	0	1
hívs812w3	2	0	hív	0+hív	ind	-	-	0	1
hívs813w4	1	0	hív	0+hív	ind	-	-	1	0
hívs814w4	2	0	hív	0+hív	ind	-	-	0	1
hívs815w4	2	0	hív	0+hív	ind	-	-	0	1
hívs816w9	2	0	hív	0+hív	ind	-	-	1	1
hívs817w9	1	0	hív	0+hív	ind	-	-	1	0
hívs821w8	1	0	hív	0+hív	ind	-	-	1	0
hívs822w4	2	0	hív	0+hív	ind	-	-	0	1
hívs823w18	2	0	hív	0+hív	ind	-	-	0	1
hívs825w3	2	0	hív	0+hív	ind	-	-	0	1
hívs831w3	1	0	hív	0+hív	ind	-	-	1	0
hívs836w3	1	0	hív	0+hív	ind	-	-	0	0
hívs837w3	1	0	hív	0+hív	ind	-	-	0	0
hívs838w3	1	0	hív	0+hív	ind	-	-	1	0
hívs839w5	1	0	hív	0+hív	ind	-	-	0	0
hívs840w3	1	0	hív	0+hív	ind	-	-	1	0
hívs841w4	2	0	hív	0+hív	ind	-	-	0	1
hívs842w5	1	0	hív	0+hív	ind	-	-	1	0
hívs843w3	1	0	hív	0+hív	ind	-	-	1	0
hívs845w6	1	0	hív	0+hív	ind	-	-	1	0
hívs846w2	1	0	hív	0+hív	ind	-	-	1	0
hívs849w2	2	0	hív	0+hív	ind	-	-	0	1
hívs850w2	2	0	hív	0+hív	ind	-	-	0	1
hívs851w3	2	0	hív	0+hív	ind	-	-	0	1
hívs852w5	2	0	hív	0+hív	ind	-	-	1	1
hívs853w5	1	0	hív	0+hív	ind	-	-	1	0
hívs855w6	1	0	hív	0+hív	ind	-	-	1	0
hívs860w7	2	0	hív	0+hív	ind	-	-	0	1
hívs861w7	1	0	hív	0+hív	ind	-	-	0	0
hívs862w6	2	0	hív	0+hív	ind	-	-	0	1
hívs863w4	1	0	hív	0+hív	ind	-	-	1	0
hívs864w3	2	0	hív	0+hív	ind	-	-	1	1
hívs865w4	1	0	hív	0+hív	ind	-	-	0	1
hívs866w3	1	0	hív	0+hív	ind	-	-	0	0
hívs867w5	1	0	hív	0+hív	ind	-	-	0	0
hívs870w2	2	0	hív	0+hív	ind	-	-	0	1
hívs871w3	2	0	hív	0+hív	ind	-	-	1	1
hívs875w2	2	0	hív	0+hív	ind	-	-	0	1
hívs878w3	2	0	hív	0+hív	ind	-	-	0	1
hívs879w6	2	0	hív	0+hív	ind	-	-	1	1
hívs881w3	2	0	hív	0+hív	ind	-	-	1	1
hívs882w3	2	0	hív	0+hív	ind	-	-	0	1
hívs883w2	2	0	hív	0+hív	ind	-	-	0	1
hívs884w3	2	0	hív	0+hív	ind	-	-	0	1
hívs885w7	2	0	hív	0+hív	ind	-	-	1	1
hívs886w3	2	0	hív	0+hív	ind	-	-	0	1
hívs887w3	2	0	hív	0+hív	ind	-	-	1	0
hívs888w4	1	0	hív	0+hív	ind	-	-	1	0
hívs890w2	2	0	hív	0+hív	ind	-	-	0	1
hívs893w3	2	0	hív	0+hív	ind	-	-	0	1
hívs894w3	2	0	hív	0+hív	ind	-	-	0	1
hívs895w2	2	0	hív	0+hív	ind	-	-	0	1
hívs896w9	2	0	hív	0+hív	ind	-	-	1	0
hívs897w3	2	0	hív	0+hív	ind	-	-	1	1
hívs898w4	2	0	hív	0+hív	ind	-	-	0	1
hívs899w2	2	0	hív	0+hív	ind	-	-	0	1
hívs900w2	1	0	hív	0+hív	ind	-	-	1	0
hívs901w2	2	0	hív	0+hív	ind	-	-	0	1
hívs902w3	2	0	hív	0+hív	ind	-	-	0	1
hívs903w3	2	0	hív	0+hív	ind	-	-	0	1
hívs905w3	2	0	hív	0+hív	ind	-	-	0	1
hívs907w8	2	0	hív	0+hív	ind	-	-	1	1
hívs908w2	2	0	hív	0+hív	ind	-	-	0	1
hívs911w7	2	0	hív	0+hív	ind	-	-	1	1
hívs912w5	2	0	hív	0+hív	ind	-	-	0	1
hívs913w4	1	0	hív	0+hív	ind	-	-	0	0
hívs916w12	1	0	hív	0+hív	ind	-	-	1	0
hívs917w2	2	0	hív	0+hív	ind	-	-	1	1
hívs918w2	2	0	hív	0+hív	ind	-	-	0	1
hívs919w2	2	0	hív	0+hív	ind	-	-	0	1
hívs923w5	2	0	hív	0+hív	ind	-	-	0	1
hívs924w2	1	0	hív	0+hív	ind	-	-	1	0
hívs925w3	2	0	hív	0+hív	ind	-	-	0	1
hívs926w2	1	0	hív	0+hív	ind	-	-	0	0
hívs928w2	2	0	hív	0+hív	ind	-	-	0	1
hívs930w2	2	0	hív	0+hív	ind	-	-	0	1
hívs931w2	2	0	hív	0+hív	ind	-	-	1	1
hívs932w3	2	0	hív	0+hív	ind	-	-	0	1
hívs933w2	1	0	hív	0+hív	ind	-	-	0	0
hívs934w3	2	0	hív	0+hív	ind	-	-	0	1
hívs935w2	2	0	hív	0+hív	ind	-	-	1	0
hívs936w2	1	0	hív	0+hív	ind	-	-	1	0
hívs940w7	2	0	hív	0+hív	ind	-	-	1	0
hívs941w6	1	0	hív	0+hív	ind	-	-	1	0
hívs945w19	1	0	hív	0+hív	ind	-	-	1	0
hívs946w3	2	0	hív	0+hív	ind	-	-	0	1
hívs947w2	1	0	hív	0+hív	ind	-	-	1	0
hívs949w3	2	0	hív	0+hív	ind	-	-	0	1
hívs950w5	1	0	hív	0+hív	ind	-	-	1	0
hívs953w3	2	0	hív	0+hív	ind	-	-	1	1
hívs957w11	2	0	hív	0+hív	ind	-	-	1	1
hívs958w3	2	0	hív	0+hív	ind	-	-	0	1
hívs959w3	1	0	hív	0+hív	ind	-	-	0	0
hívs961w8	2	0	hív	0+hív	ind	-	-	0	1
hívs962w2	2	0	hív	0+hív	ind	-	-	1	1
hívs963w3	2	0	hív	0+hív	ind	-	-	0	1
hívs964w3	2	0	hív	0+hív	ind	-	-	0	1
hívs965w5	1	0	hív	0+hív	ind	-	-	1	0
hívs966w4	1	0	hív	0+hív	ind	-	-	0	0
hívs968w2	2	0	hív	0+hív	ind	-	-	0	1
hívs969w3	2	0	hív	0+hív	ind	-	-	0	1
hívs971w7	2	0	hív	0+hív	ind	-	-	0	1
hívs972w4	2	0	hív	0+hív	ind	-	-	0	1
hívs973w3	2	0	hív	0+hív	ind	-	-	0	1
hívs974w3	1	0	hív	0+hív	ind	-	-	1	0
hívs977w5	2	0	hív	0+hív	ind	-	-	1	1
hívs978w3	2	0	hív	0+hív	ind	-	-	1	1
hívs980w2	1	0	hív	0+hív	ind	-	-	1	0
hívs981w2	1	0	hív	0+hív	ind	-	-	1	0
hívs983w2	1	0	hív	0+hív	ind	-	-	0	0
hívs990w2	1	0	hív	0+hív	ind	-	-	1	0
hívs997w4	2	0	hív	0+hív	ind	-	-	0	1
hívs998w4	1	0	hív	0+hív	ind	-	-	1	0
hívs1000w5	1	0	hív	0+hív	ind	-	-	1	0
hívs1002w3	1	0	hív	0+hív	ind	-	-	0	0
hívs1003w4	2	0	hív	0+hív	ind	-	-	0	1
hívs1004w3	1	0	hív	0+hív	ind	-	-	0	0
hívs1005w2	1	0	hív	0+hív	ind	-	-	1	0
hívs1008w5	1	0	hív	0+hív	ind	-	-	1	0
hívs1009w3	1	0	hív	0+hív	ind	-	-	0	0
hívs1010w6	2	0	hív	0+hív	ind	-	-	0	0
hívs1011w3	1	0	hív	0+hív	ind	-	-	1	0
hívs1012w4	1	0	hív	0+hív	ind	-	-	1	0
hívs1014w5	1	0	hív	0+hív	ind	-	-	1	0
hívs1015w2	2	0	hív	0+hív	ind	-	-	1	1
hívs1017w3	2	0	hív	0+hív	ind	-	-	0	1
hívs1018w13	1	0	hív	0+hív	ind	-	-	1	0
hívs1019w6	2	0	hív	0+hív	ind	-	-	0	1
hívs1020w2	2	0	hív	0+hív	ind	-	-	0	1
hívs1021w6	2	0	hív	0+hív	ind	-	-	0	1
